<?xml version='1.1' encoding='UTF-8' standalone='yes' ?>

<metricsData>
  <node name="Proyectos">
    <node name="Integrador">
      <tag name="Has Compile Phase" />
      <tag name="PSP Project" />
      <tag name="PSP Rollup Eligible" />
      <tag name="PSP1" />
      <tag name="PSP1 Tag" />
      <tag name="Quality Profile Capable" />
      <tag name="Simple Project Tag" />
      <tag name="Size Estimating Template Tag" />
      <tag name="psp1" />
      <str name="Add_Task_Handler">none</str>
      <str name="Base_Additions_Prefix_List"></str>
      <str name="Base_Parts_List">0</str>
      <str name="Base_Parts_Prefix_List">&#2;/Proyectos/Integrador/Base_Parts/0&#2;</str>
      <num name="Estimated PQI">1</num>
      <num name="Estimated Quality_Profile_1">1</num>
      <num name="Estimated Quality_Profile_2">1</num>
      <num name="Estimated Quality_Profile_3">1</num>
      <num name="Estimated Quality_Profile_4">1</num>
      <num name="Estimated Quality_Profile_5">1</num>
      <str name="New_Objects_List">0</str>
      <str name="New_Objects_Prefix_List">&#2;/Proyectos/Integrador/New Objects/0&#2;</str>
      <str name="PSP Project Document Directory">?????</str>
      <str name="PSP To Date Subset Prefix">/To Date/PSP/All</str>
      <str name="Phase_Display_Filter_List">&#2;Planning&#2;Design&#2;Code&#2;Compile&#2;Test&#2;Postmortem&#2;</str>
      <num name="Planning_Is_Done">1</num>
      <str name="Process_ID">PSP1</str>
      <num name="Quality_Profile_1">0.356</num>
      <num name="Quality_Profile_3">1</num>
      <num name="Quality_Profile_4">1</num>
      <str name="Reused_Objects_List">0</str>
      <str name="Reused_Objects_Prefix_List">&#2;/Proyectos/Integrador/Reused Objects/0&#2;</str>
      <str name="Size Units">LOC</str>
      <date name="Started">@1549238399817</date>
      <num name="Time">835</num>
      <node name="Code Review">
        <str name="Phase_Color">#00c000</str>
      </node>
      <node name="Code">
        <num name="Combined Time">385</num>
        <str name="Node_Type">(Code)</str>
        <str name="Phase_Color">#66ff66</str>
        <num name="Time">385</num>
      </node>
      <node name="Compile">
        <str name="Defect Type Standard">PSP - text</str>
        <str name="Node_Type">(Compile)</str>
        <str name="Phase_Color">#ffe000</str>
      </node>
      <node name="Design Review">
        <str name="Phase_Color">#6666ff</str>
      </node>
      <node name="Design vs Code">
        <num name="Time Ratio">0.356</num>
      </node>
      <node name="Design">
        <num name="Combined Time">137</num>
        <str name="Node_Type">(Design)</str>
        <str name="Phase_Color">#aaaaff</str>
        <num name="Time">137</num>
      </node>
      <node name="Estimated Added &amp; Modified Size">
        <str name="Probe Method">D  </str>
      </node>
      <node name="Estimated New &amp; Changed LOC">
        <str name="Probe Method">D  </str>
      </node>
      <node name="Estimated Time">
        <str name="Probe Method">D  </str>
      </node>
      <node name="HLD Review">
        <str name="Phase_Color">#990099</str>
      </node>
      <node name="HLD">
        <str name="Phase_Color">#cc66ff</str>
      </node>
      <node name="Planning">
        <str name="Node_Type">(Planning)</str>
        <str name="Phase_Color">#cdaa7d</str>
        <date name="Started">@1549238399817</date>
        <num name="Time">313</num>
      </node>
      <node name="Postmortem">
        <str name="Node_Type">(Postmortem)</str>
        <str name="Phase_Color">#996633</str>
      </node>
      <node name="Reassessment">
        <str name="Phase_Color">#cdaa7d</str>
      </node>
      <node name="Test">
        <str name="Node_Type">(Test)</str>
        <str name="Phase_Color">#ff9900</str>
      </node>
    </node>
  </node>
</metricsData>
