<?xml version='1.0' encoding='UTF-8' standalone='yes' ?>

<archive type="dashboardDataExport">
  <exported byUser="christianandrescobo" when="@1549239752278">
    <fromDataset datasetID="1adf6557-cecb-46e8-bae0-e0232cfc4c97" location="/Users/christianandrescobo/Library/Process Dashboard/data" />
    <withPackage packageID="PDSSD" version="5.0.0.20150401000000" />
    <withPackage packageID="dashHelp" version="2.0.5.1" />
    <withPackage packageID="teamTools" version="4.7.0" />
    <withPackage packageID="dashHelpExt" version="1.0" />
    <withPackage packageID="processdash-extra" version="2.5" />
    <withPackage packageID="pspProc" version="2.11" />
    <withPackage packageID="importPSP" version="1.3" />
    <withPackage packageID="pspdash" version="2.5" />
    <withPackage packageID="TSP" version="5.0.0.20181231000000" />
    <withPackage packageID="gitDiff" version="2.5" />
    <withPackage packageID="l10nTool" version="1.2" />
    <withPackage packageID="pdashRestApi" version="0.7" />
    <withPackage packageID="tpidw-embedded" version="1.6.0.1" />
  </exported>
  <file name="data.xml" type="metrics" version="1" />
  <file name="defects.xml" type="defects" version="1" />
  <file name="time.xml" type="timeLog" version="1" />
</archive>
