<?xml version='1.0' encoding='UTF-8' ?>
<timeLogEntries>
  <time id="100" path="/Proyectos/Integrador/Planning" start="@1548726899000" delta="124" />
  <time id="101" path="/Proyectos/Integrador/Planning" start="@1548817383000" delta="40" />
  <time id="105" path="/Proyectos/Integrador/Planning" start="@1548864210000" delta="97" />
  <time id="109" path="/Proyectos/Integrador/Planning" start="@1548898370000" delta="52" />
  <time id="110" path="/Proyectos/Integrador/Design" start="@1548979954000" delta="40" />
  <time id="111" path="/Proyectos/Integrador/Design" start="@1548996180000" delta="74" />
  <time id="112" path="/Proyectos/Integrador/Design" start="@1549034592000" delta="23" />
  <time id="113" path="/Proyectos/Integrador/Code" start="@1549074322000" delta="21" />
  <time id="114" path="/Proyectos/Integrador/Code" start="@1549111801000" delta="141" />
  <time id="115" path="/Proyectos/Integrador/Code" start="@1549130603000" delta="12" comment="Sali almorzar " />
  <time id="116" path="/Proyectos/Integrador/Code" start="@1549150321000" delta="34" />
  <time id="117" path="/Proyectos/Integrador/Code" start="@1549165500000" delta="116" />
  <time id="118" path="/Proyectos/Integrador/Code" start="@1549209313000" delta="61" />
</timeLogEntries>
